airtelchennai:@airtelchennai.com
alaskacommunications:@paging.acswireless.com
alltel:@message.alltel.com
alltel:@message.alltel.com
ameritechpaging:@paging.acswireless.com
att:@txt.att.net
bellmobilitycanada:@txt.bell.ca
bluegrasscellular:@sms.bluecell.com
bluskyfrog:@blueskyfrog.com
boostmobile:@myboostmobile.com
carolinawestwireless:@cwwsms.com
cellone:@mobile.celloneusa.com
cellularsouth:@csouth1.com
centennialwireless:@cwemail.com
centurytel:@messaging.centurytel.net
chennairpgcellular:@rpgmail.net
clearlydigital:@clearlydigital.com
clearnet:@msg.clearnet.com
comcast:@comcastpcs.textmsg.com
comviq:@sms.comviq.se
corrwireless:@corrwireless.net
cricket:@sms.mycricket.com
delhiairtel:@airtelmail.com
delhihutch:@delhi.hutch.co.in
digitextjamacian:@digitextjm.com
dobson:@mobile.dobson.net
dttmobile:@t-mobile-sms.de
edgewireless:@sms.edgewireless.com
emt:@sms.emt.ee
escotel:@escotelmobile.com
fido:@fido.ca
geldentelecom:@sms.goldentele.com
globalstar:@msg.globalstarusa.com
goldentelecom:@sms.goldentele.com
gujaratcelforce:@celforce.com
houstoncellular:@text.houstoncellular.net
ideacellular:@ideacellular.net
ideacellular:@ideacellular.net
illinoisvalleycellular:@ivctext.com
indianapaging:@inlandlink.com
iridiumsatellitecommunications:@msg.iridium.com
itelcel:@itelcel.com
jsmtelepage:@e-page.net
kolkataairtel:@airtelkol.com
koodomobile:@msg.koodomobile.com
lmt:@smsmail.lmt.lv
loopmobile:@bplmobile.com
m1bermuda:@ml.bm
mci:@pagemci.com
meteor:@mymeteor.ie
metrocall2way:@my2way.com
metrocall:@page.metrocall.com
mobilcomm:@mobilecomm.net
mobileone:@m1.com.sg
mobilfone:@page.mobilfone.com
mobistarbelgium:@mobistar.be
mobiteltanzania:@sms.co.tz
mobtelsrbija:@mobtel.co.yu
movistar:@correo.movistar.net
mts:@text.mtsmobility.com
mumbaibplmobile:@bplmobile.com
netcom:@sms.netcom.no
nex-tech:@sms.ntwls.net
nextelmexico:@msgnextel.com.mx
northerntelmobility:@txt.northerntelmobility.com
ntelos:@pcs.ntelos.com
o2mmail:@mmail.co.uk
o2:@o2imail.co.uk
oneconnectaustria:@onemail.at
onlinebeep:@onlinebeep.net
onlinebeep:@onlinebeep.net
optusmobile:@optusmobile.com.au
oskar:@mujoskar.cz
pandtluxembourg:@sms.luxgsm.lu
pcsone:@pcsone.net
primtel:@sms.primtel.ru
projectfi:@msg.fi.google.com
publicservicecellular:@sms.pscel.com
qwest:@qwestmp.com
rek2:@rek2.com.mx
republic:@text.republicwireless.com
rogers:@pcs.rogers.com
safaricom:@safaricomsms.com
satelindogsm:@satelindogsm.com
satellink:@satellink.net
scs900:@scs-900.ru
sfrfrance:@sfr.fr
simplefreedom:@text.simplefreedom.net
smarttelecom:@mysmart.mymobile.ph
southernlinc:@page.southernlinc.com
southwesternbell:@email.swbw.com
sprint:@messaging.sprintpcs.com
suncom:@tms.suncom.com
sunrisemobile:@swmsg.com
surewestcommunications:@freesurf.ch
surewestcommunications:@mobile.surewest.com
swisscom:@bluewin.ch
tele2lativa:@sms.tele2.lv
telefonicamovistar:@movistar.net
telenor:@mobilpost.no
teletouch:@pageme.teletouch.com
teliadenmark:@gsm1800.telia.dk
telus:@msg.telus.com
threeriverwireless:@sms.3rivers.net
tim:@timnet.com
tmobileaustria:@sms.t-mobile.at
tmobilegermany:@t-d1-sms.de
tmobile:@tmomail.net
tmobileuk:@t-mobile.uk.net
tsrwireless:@alphame.com
umc:@sms.umc.com.ua
unicel:@utext.com
uraltel:@sms.uraltel.ru
uscellular:@email.uscc.net
uswest:@uswestdatamail.com
verizon:@vtext.com
vessotel:@pager.irkutsk.ru
virginmobilecanada:@vmobile.ca
virginmobile:@vmobl.com
vodafoneitaly:@sms.vodafone.it
vodafonejapan:@t.vodafone.ne.jp
vodafone:@vodafone.net
westcentralwireless:@sms.wcc.net
westernwireless:@cellularonewest.com
windmobile:@txt.windmobile.ca
wyndtell:@wyndtell.com
